[
  {
    "ObjectName": "Novosibirsk",
    "Longitude": 82.8964,
    "Latitude": 54.98334,
    "NearestCity": "Novosibirsk"
  },
  {
    "ObjectName": "Moscow",
    "Longitude": 37.6173,
    "Latitude": 55.7558,
    "NearestCity": "Moscow"
  },
  {
    "ObjectName": "Barnaul",
    "Longitude": 83.7836,
    "Latitude": 53.3497,
    "NearestCity": "Barnaul"
  },
  {
    "ObjectName": "Omsk",
    "Longitude": 73.3645,
    "Latitude": 54.9914,
    "NearestCity": "Omsk"
  },
  {
    "ObjectName": "Krasnoyarsk",
    "Longitude": 92.8932,
    "Latitude": 56.0153,
    "NearestCity": "Krasnoyarsk"
  },
  {
    "ObjectName": "Austin (Texas)",
    "Longitude": -97.7431,
    "Latitude": 30.2672,
    "NearestCity": "Austin (Texas)"
  }
]